{
    "Gronky the Gruul": {
        "accuracy": 0.5,
        "correct": [
            [
                "Gallia of the Endless Dance",
                20.759701001505576
            ],
            [
                "Jodah, Archmage Eternal",
                19.201683110194555
            ]
        ],
        "incorrect": [
            [
                "Grumgully, the Generous",
                19.17219801223261
            ],
            [
                "Klothys, God of Destiny",
                19.07377320961455
            ]
        ]
    },
    "Gronky's Axe": {
        "accuracy": 0.6666666666666666,
        "correct": [
            [
                "Akiri, Line-Slinger",
                24.000470723707487
            ],
            [
                "Brago, King Eternal",
                22.40215656546054
            ]
        ],
        "incorrect": [
            [
                "Zirda, the Dawnwaker",
                15.544630436130882
            ]
        ]
    },
    "Mono-White Formatbreaker": {
        "accuracy": 0.5,
        "correct": [
            [
                "Harbin, Vanguard Aviator",
                26.766504654848095
            ],
            [
                "Mayael the Anima",
                24.623030996831886
            ]
        ],
        "incorrect": [
            [
                "Ephara, God of the Polis",
                22.724668158474405
            ],
            [
                "Brago, King Eternal",
                22.404155971759657
            ]
        ]
    },
    "Free Counterspell": {
        "accuracy": 0.5,
        "correct": [
            [
                "Baral, Chief of Compliance",
                22.559859456179108
            ],
            [
                "Maelstrom Wanderer",
                22.91936540854587
            ]
        ],
        "incorrect": [
            [
                "Kess, Dissident Mage",
                22.367270620052608
            ],
            [
                "Riku of Two Reflections",
                19.1921003394838
            ]
        ]
    },
    "Treasure Golem": {
        "accuracy": 0.5,
        "correct": [
            [
                "Prosper, Tome-Bound",
                23.07441658089097
            ],
            [
                "Kess, Dissident Mage",
                22.401277799509575
            ]
        ],
        "incorrect": [
            [
                "Korvold, Fae-Cursed King",
                16.674941926052735
            ],
            [
                "Queen Marchesa",
                18.392285000766798
            ]
        ]
    },
    "Hypervigilance": {
        "accuracy": 0.5,
        "correct": [
            [
                "Arcades, the Strategist",
                24.84116845353597
            ],
            [
                "Thalia, Guardian of Thraben",
                23.579643852130413
            ]
        ],
        "incorrect": [
            [
                "Queen Marchesa",
                18.413080506814172
            ],
            [
                "Derevi, Empyrial Tactician",
                16.678695955032072
            ]
        ]
    },
    "Nightside Ambush": {
        "accuracy": 0.5,
        "correct": [
            [
                "Kadena, Slinking Sorcerer",
                26.492383166346965
            ],
            [
                "Animar, Soul of Elements",
                20.513609274517457
            ]
        ],
        "incorrect": [
            [
                "Muldrotha, the Gravetide",
                19.138709494403717
            ],
            [
                "The Mimeoplasm",
                19.489876823831814
            ]
        ]
    },
    "Fungus Infestation": {
        "accuracy": 0.5,
        "correct": [
            [
                "Slimefoot, the Stowaway",
                21.196208855794428
            ],
            [
                "Rhys the Redeemed",
                19.957476715794662
            ]
        ],
        "incorrect": [
            [
                "Mazirek, Kraul Death Priest",
                17.875188161736823
            ],
            [
                "Pharika, God of Affliction",
                18.858752967461175
            ]
        ]
    },
    "Artificer's Awakening": {
        "accuracy": 0.5,
        "correct": [
            [
                "Brudiclad, Telchor Engineer",
                23.23692627222965
            ],
            [
                "Animar, Soul of Elements",
                20.568452014521053
            ]
        ],
        "incorrect": [
            [
                "Breya, Etherium Shaper",
                19.093158574871676
            ],
            [
                "Kaheera, the Orphanguard",
                19.91595304676913
            ]
        ]
    },
    "Deep Wisdom": {
        "accuracy": 0.5,
        "correct": [
            [
                "Atraxa, Praetors' Voice",
                20.14946309164563
            ],
            [
                "Rashmi, Eternities Crafter",
                22.238084609687956
            ]
        ],
        "incorrect": [
            [
                "Prime Speaker Zegana",
                15.47429388424366
            ],
            [
                "Tanazir Quandrix",
                19.413495100510406
            ]
        ]
    },
    "Forge Master's Hammer": {
        "accuracy": 0.5,
        "correct": [
            [
                "Daretti, Scrap Savant",
                28.625191836415
            ],
            [
                "Feldon of the Third Path",
                28.030592999383064
            ]
        ],
        "incorrect": [
            [
                "Zedruu the Greathearted",
                22.024201503176595
            ],
            [
                "Grenzo, Dungeon Warden",
                22.424327884063977
            ]
        ]
    },
    "Carnival of Pain": {
        "accuracy": 0.5,
        "correct": [
            [
                "Rakdos, the Showstopper",
                24.238780325688804
            ],
            [
                "Prossh, Skyraider of Kher",
                21.88941774408091
            ]
        ],
        "incorrect": [
            [
                "Mogis, God of Slaughter",
                19.784769241444735
            ],
            [
                "Shattergang Brothers",
                17.6295030222115
            ]
        ]
    },
    "Terra Shaper": {
        "accuracy": 0.5,
        "correct": [
            [
                "Titania, Protector of Argoth",
                24.82088844378669
            ],
            [
                "Meren of Clan Nel Toth",
                24.41399346349846
            ]
        ],
        "incorrect": [
            [
                "Omnath, Locus of Rage",
                20.96985841911249
            ],
            [
                "Prossh, Skyraider of Kher",
                22.00499639080985
            ]
        ]
    },
    "Penance Ritual": {
        "accuracy": 0.5,
        "correct": [
            [
                "Daxos the Returned",
                24.03215915310195
            ],
            [
                "Teysa, Orzhov Scion",
                22.229660120172507
            ]
        ],
        "incorrect": [
            [
                "Atraxa, Praetors' Voice",
                20.142902785673503
            ],
            [
                "Aurelia, the Warleader",
                17.037019211773615
            ]
        ]
    },
    "Diplomatic Immunity": {
        "accuracy": 0.5,
        "correct": [
            [
                "Zedruu the Greathearted",
                21.98919793824209
            ],
            [
                "Nekusar, the Mindrazer",
                22.8677496886943
            ]
        ],